[
{
  "model": "restaurants.city",
  "pk": 1,
  "fields": {
    "created_time": "2020-12-31T12:07:25.423Z",
    "updated_time": "2020-12-31T12:07:25.424Z",
    "name": "Munich"
  }
},
{
  "model": "restaurants.city",
  "pk": 2,
  "fields": {
    "created_time": "2020-12-31T12:07:36.742Z",
    "updated_time": "2020-12-31T12:07:36.742Z",
    "name": "Stuttgart"
  }
},
{
  "model": "restaurants.city",
  "pk": 3,
  "fields": {
    "created_time": "2020-12-31T12:07:48.693Z",
    "updated_time": "2020-12-31T12:07:48.693Z",
    "name": "Berlin"
  }
},
{
  "model": "restaurants.restaurant",
  "pk": 1,
  "fields": {
    "created_time": "2020-12-31T12:10:35.716Z",
    "updated_time": "2020-12-31T12:12:41.618Z",
    "name": "c1",
    "restaurant_type": "ch",
    "city": 1,
    "is_enable": true
  }
},
{
  "model": "restaurants.restaurant",
  "pk": 2,
  "fields": {
    "created_time": "2020-12-31T12:10:47.025Z",
    "updated_time": "2020-12-31T12:12:46.627Z",
    "name": "c2",
    "restaurant_type": "ch",
    "city": 1,
    "is_enable": true
  }
},
{
  "model": "restaurants.restaurant",
  "pk": 3,
  "fields": {
    "created_time": "2020-12-31T12:11:08.686Z",
    "updated_time": "2020-12-31T12:12:51.357Z",
    "name": "c3",
    "restaurant_type": "ch",
    "city": 2,
    "is_enable": true
  }
},
{
  "model": "restaurants.restaurant",
  "pk": 4,
  "fields": {
    "created_time": "2020-12-31T12:11:27.641Z",
    "updated_time": "2020-12-31T12:12:56.952Z",
    "name": "i1",
    "restaurant_type": "it",
    "city": 2,
    "is_enable": true
  }
},
{
  "model": "restaurants.restaurant",
  "pk": 5,
  "fields": {
    "created_time": "2020-12-31T12:12:36.154Z",
    "updated_time": "2020-12-31T12:12:36.154Z",
    "name": "b1",
    "restaurant_type": "bv",
    "city": 1,
    "is_enable": true
  }
},
{
  "model": "restaurants.restaurant",
  "pk": 6,
  "fields": {
    "created_time": "2020-12-31T12:13:47.013Z",
    "updated_time": "2020-12-31T12:13:47.013Z",
    "name": "i2",
    "restaurant_type": "it",
    "city": 3,
    "is_enable": true
  }
},
{
  "model": "restaurants.restaurant",
  "pk": 7,
  "fields": {
    "created_time": "2020-12-31T12:13:56.998Z",
    "updated_time": "2020-12-31T12:13:56.998Z",
    "name": "b2",
    "restaurant_type": "bv",
    "city": 3,
    "is_enable": true
  }
},
{
  "model": "restaurants.ingredient",
  "pk": 1,
  "fields": {
    "name": "Carrot",
    "price": "0.33",
    "type": 5,
    "portion": "Kg"
  }
},
{
  "model": "restaurants.ingredient",
  "pk": 2,
  "fields": {
    "name": "Milk",
    "price": "0.98",
    "type": 4,
    "portion": "Litre"
  }
},
{
  "model": "restaurants.ingredient",
  "pk": 3,
  "fields": {
    "name": "Sugar",
    "price": "0.69",
    "type": 5,
    "portion": "Gr"
  }
},
{
  "model": "restaurants.ingredient",
  "pk": 4,
  "fields": {
    "name": "Egg",
    "price": "0.86",
    "type": 1,
    "portion": "Number"
  }
},
{
  "model": "restaurants.ingredient",
  "pk": 5,
  "fields": {
    "name": "Flour",
    "price": "0.30",
    "type": 4,
    "portion": "Kg"
  }
},
{
  "model": "restaurants.ingredient",
  "pk": 6,
  "fields": {
    "name": "Steak",
    "price": "1.23",
    "type": 2,
    "portion": "Kg"
  }
},
{
  "model": "restaurants.ingredient",
  "pk": 7,
  "fields": {
    "name": "Bacon",
    "price": "2.45",
    "type": 3,
    "portion": "Kg"
  }
},
{
  "model": "restaurants.ingredient",
  "pk": 8,
  "fields": {
    "name": "Chicken Fillet",
    "price": "1.07",
    "type": 1,
    "portion": "Slice"
  }
},
{
  "model": "restaurants.ingredient",
  "pk": 9,
  "fields": {
    "name": "Salt",
    "price": "0.11",
    "type": 5,
    "portion": "Spoon"
  }
},
{
  "model": "restaurants.food",
  "pk": 1,
  "fields": {
    "name": "Which personal generation rise medical.",
    "price": "0.62",
    "type": 1,
    "restaurant": 1
  }
},
{
  "model": "restaurants.food",
  "pk": 2,
  "fields": {
    "name": "Receive idea religious across fish let.",
    "price": "0.09",
    "type": 1,
    "restaurant": 2
  }
},
{
  "model": "restaurants.food",
  "pk": 3,
  "fields": {
    "name": "Generation beyond treat.",
    "price": "0.75",
    "type": 1,
    "restaurant": 3
  }
},
{
  "model": "restaurants.food",
  "pk": 4,
  "fields": {
    "name": "Price admit state way interesting film.",
    "price": "0.34",
    "type": 1,
    "restaurant": 4
  }
},
{
  "model": "restaurants.food",
  "pk": 5,
  "fields": {
    "name": "Stage third say could.",
    "price": "0.77",
    "type": 1,
    "restaurant": 5
  }
},
{
  "model": "restaurants.food",
  "pk": 6,
  "fields": {
    "name": "Wine",
    "price": "0.50",
    "type": 2,
    "restaurant": 7
  }
},
{
  "model": "restaurants.food",
  "pk": 7,
  "fields": {
    "name": "Apple Juice",
    "price": "0.73",
    "type": 2,
    "restaurant": 1
  }
},
{
  "model": "restaurants.food",
  "pk": 8,
  "fields": {
    "name": "Coke",
    "price": "0.62",
    "type": 2,
    "restaurant": 2
  }
},
{
  "model": "restaurants.food",
  "pk": 9,
  "fields": {
    "name": "Beer",
    "price": "0.80",
    "type": 2,
    "restaurant": 4
  }
},
{
  "model": "restaurants.food",
  "pk": 10,
  "fields": {
    "name": "Cocktail",
    "price": "0.79",
    "type": 2,
    "restaurant": 6
  }
},
{
  "model": "restaurants.food",
  "pk": 11,
  "fields": {
    "name": "Executive close exist outside.",
    "price": "5.02",
    "type": 1,
    "restaurant": 7
  }
},
{
  "model": "restaurants.food",
  "pk": 12,
  "fields": {
    "name": "Vegan & Vegeterian",
    "price": "2.59",
    "type": 1,
    "restaurant": 5
  }
},
{
  "model": "restaurants.food",
  "pk": 13,
  "fields": {
    "name": "All Vegan",
    "price": "0.38",
    "type": 1,
    "restaurant": 3
  }
},
{
  "model": "restaurants.food",
  "pk": 14,
  "fields": {
    "name": "My child peace machine work national.",
    "price": "1.82",
    "type": 1,
    "restaurant": 2
  }
},
{
  "model": "restaurants.food",
  "pk": 15,
  "fields": {
    "name": "Happen billion successful race.",
    "price": "4.75",
    "type": 1,
    "restaurant": 1
  }
},
{
  "model": "restaurants.dishingredient",
  "pk": 1,
  "fields": {
    "dish": 5,
    "ingredient": 1,
    "portion": "0.03"
  }
},
{
  "model": "restaurants.dishingredient",
  "pk": 2,
  "fields": {
    "dish": 3,
    "ingredient": 5,
    "portion": "0.43"
  }
},
{
  "model": "restaurants.dishingredient",
  "pk": 4,
  "fields": {
    "dish": 2,
    "ingredient": 5,
    "portion": "0.21"
  }
},
{
  "model": "restaurants.dishingredient",
  "pk": 5,
  "fields": {
    "dish": 3,
    "ingredient": 1,
    "portion": "0.90"
  }
},
{
  "model": "restaurants.dishingredient",
  "pk": 6,
  "fields": {
    "dish": 15,
    "ingredient": 8,
    "portion": "0.23"
  }
},
{
  "model": "restaurants.dishingredient",
  "pk": 7,
  "fields": {
    "dish": 15,
    "ingredient": 5,
    "portion": "1.22"
  }
},
{
  "model": "restaurants.dishingredient",
  "pk": 8,
  "fields": {
    "dish": 15,
    "ingredient": 3,
    "portion": "6.00"
  }
},
{
  "model": "restaurants.dishingredient",
  "pk": 9,
  "fields": {
    "dish": 14,
    "ingredient": 7,
    "portion": "0.22"
  }
},
{
  "model": "restaurants.dishingredient",
  "pk": 10,
  "fields": {
    "dish": 14,
    "ingredient": 6,
    "portion": "0.77"
  }
},
{
  "model": "restaurants.dishingredient",
  "pk": 11,
  "fields": {
    "dish": 14,
    "ingredient": 1,
    "portion": "1.00"
  }
},
{
  "model": "restaurants.dishingredient",
  "pk": 12,
  "fields": {
    "dish": 13,
    "ingredient": 9,
    "portion": "2.00"
  }
},
{
  "model": "restaurants.dishingredient",
  "pk": 13,
  "fields": {
    "dish": 13,
    "ingredient": 1,
    "portion": "0.50"
  }
},
{
  "model": "restaurants.dishingredient",
  "pk": 14,
  "fields": {
    "dish": 12,
    "ingredient": 1,
    "portion": "1.50"
  }
},
{
  "model": "restaurants.dishingredient",
  "pk": 15,
  "fields": {
    "dish": 12,
    "ingredient": 5,
    "portion": "0.45"
  }
},
{
  "model": "restaurants.dishingredient",
  "pk": 16,
  "fields": {
    "dish": 12,
    "ingredient": 2,
    "portion": "2.00"
  }
},
{
  "model": "restaurants.dishingredient",
  "pk": 17,
  "fields": {
    "dish": 11,
    "ingredient": 5,
    "portion": "1.00"
  }
},
{
  "model": "restaurants.dishingredient",
  "pk": 18,
  "fields": {
    "dish": 11,
    "ingredient": 8,
    "portion": "2.00"
  }
},
{
  "model": "restaurants.dishingredient",
  "pk": 19,
  "fields": {
    "dish": 11,
    "ingredient": 4,
    "portion": "3.00"
  }
},
{
  "model": "restaurants.dishingredient",
  "pk": 20,
  "fields": {
    "dish": 4,
    "ingredient": 3,
    "portion": "0.21"
  }
},
{
  "model": "restaurants.dishingredient",
  "pk": 21,
  "fields": {
    "dish": 2,
    "ingredient": 4,
    "portion": "1.00"
  }
},
{
  "model": "restaurants.dishingredient",
  "pk": 22,
  "fields": {
    "dish": 1,
    "ingredient": 3,
    "portion": "1.00"
  }
},
{
  "model": "restaurants.dishingredient",
  "pk": 23,
  "fields": {
    "dish": 1,
    "ingredient": 8,
    "portion": "2.00"
  }
},
{
  "model": "restaurants.dishingredient",
  "pk": 24,
  "fields": {
    "dish": 1,
    "ingredient": 1,
    "portion": "5.00"
  }
},
{
  "model": "restaurants.stock",
  "pk": 1,
  "fields": {
    "created_time": "2021-01-04T06:57:19.646Z",
    "ingredient": 1,
    "amount": 10,
    "restaurant": 7
  }
},
{
  "model": "restaurants.stock",
  "pk": 2,
  "fields": {
    "created_time": "1980-12-10T08:21:30Z",
    "ingredient": 4,
    "amount": 16063,
    "restaurant": 2
  }
},
{
  "model": "restaurants.stock",
  "pk": 3,
  "fields": {
    "created_time": "1993-05-04T05:07:32Z",
    "ingredient": 7,
    "amount": 11935,
    "restaurant": 1
  }
},
{
  "model": "restaurants.stock",
  "pk": 4,
  "fields": {
    "created_time": "1970-12-01T03:27:21Z",
    "ingredient": 4,
    "amount": 10373,
    "restaurant": 7
  }
},
{
  "model": "restaurants.stock",
  "pk": 5,
  "fields": {
    "created_time": "1980-03-27T18:36:14Z",
    "ingredient": 4,
    "amount": 4952,
    "restaurant": 6
  }
},
{
  "model": "restaurants.stock",
  "pk": 6,
  "fields": {
    "created_time": "1973-01-29T10:25:43Z",
    "ingredient": 8,
    "amount": 8156,
    "restaurant": 5
  }
},
{
  "model": "restaurants.stock",
  "pk": 7,
  "fields": {
    "created_time": "2003-07-25T13:05:03Z",
    "ingredient": 2,
    "amount": 26380,
    "restaurant": 4
  }
},
{
  "model": "restaurants.stock",
  "pk": 8,
  "fields": {
    "created_time": "1983-09-25T13:55:03Z",
    "ingredient": 9,
    "amount": 8948,
    "restaurant": 3
  }
},
{
  "model": "restaurants.stock",
  "pk": 9,
  "fields": {
    "created_time": "2008-08-19T15:25:48Z",
    "ingredient": 3,
    "amount": 31037,
    "restaurant": 2
  }
},
{
  "model": "restaurants.stock",
  "pk": 10,
  "fields": {
    "created_time": "1998-04-03T22:58:13Z",
    "ingredient": 5,
    "amount": 11854,
    "restaurant": 1
  }
},
{
  "model": "restaurants.stock",
  "pk": 11,
  "fields": {
    "created_time": "1991-03-23T00:10:11Z",
    "ingredient": 9,
    "amount": 22368,
    "restaurant": 7
  }
},
{
  "model": "restaurants.stock",
  "pk": 12,
  "fields": {
    "created_time": "1983-08-10T06:19:26Z",
    "ingredient": 7,
    "amount": 21895,
    "restaurant": 6
  }
},
{
  "model": "restaurants.stock",
  "pk": 13,
  "fields": {
    "created_time": "2000-03-12T10:12:07Z",
    "ingredient": 1,
    "amount": 29738,
    "restaurant": 5
  }
},
{
  "model": "restaurants.stock",
  "pk": 14,
  "fields": {
    "created_time": "1995-04-24T16:21:27Z",
    "ingredient": 6,
    "amount": 9799,
    "restaurant": 4
  }
},
{
  "model": "restaurants.stock",
  "pk": 15,
  "fields": {
    "created_time": "1984-06-11T08:43:25Z",
    "ingredient": 8,
    "amount": 27423,
    "restaurant": 3
  }
},
{
  "model": "restaurants.stock",
  "pk": 16,
  "fields": {
    "created_time": "1999-05-31T19:44:17Z",
    "ingredient": 1,
    "amount": 10881,
    "restaurant": 2
  }
},
{
  "model": "restaurants.stock",
  "pk": 17,
  "fields": {
    "created_time": "1973-12-27T06:34:07Z",
    "ingredient": 8,
    "amount": 27240,
    "restaurant": 1
  }
},
{
  "model": "restaurants.stock",
  "pk": 18,
  "fields": {
    "created_time": "2007-06-07T10:45:37Z",
    "ingredient": 3,
    "amount": 6430,
    "restaurant": 7
  }
},
{
  "model": "restaurants.stock",
  "pk": 19,
  "fields": {
    "created_time": "2006-02-16T22:02:25Z",
    "ingredient": 3,
    "amount": 31168,
    "restaurant": 6
  }
},
{
  "model": "restaurants.stock",
  "pk": 20,
  "fields": {
    "created_time": "2008-03-02T02:07:21Z",
    "ingredient": 2,
    "amount": 18678,
    "restaurant": 5
  }
},
{
  "model": "restaurants.stock",
  "pk": 21,
  "fields": {
    "created_time": "2008-05-07T05:49:26Z",
    "ingredient": 6,
    "amount": 805,
    "restaurant": 4
  }
},
{
  "model": "restaurants.stock",
  "pk": 22,
  "fields": {
    "created_time": "1975-08-15T08:04:25Z",
    "ingredient": 5,
    "amount": 4031,
    "restaurant": 3
  }
},
{
  "model": "restaurants.stock",
  "pk": 23,
  "fields": {
    "created_time": "1976-03-29T21:36:17Z",
    "ingredient": 9,
    "amount": 14943,
    "restaurant": 2
  }
},
{
  "model": "restaurants.stock",
  "pk": 24,
  "fields": {
    "created_time": "1972-05-03T14:05:21Z",
    "ingredient": 4,
    "amount": 17054,
    "restaurant": 1
  }
},
{
  "model": "restaurants.stock",
  "pk": 25,
  "fields": {
    "created_time": "2002-07-13T03:00:25Z",
    "ingredient": 6,
    "amount": 14692,
    "restaurant": 7
  }
},
{
  "model": "restaurants.stock",
  "pk": 26,
  "fields": {
    "created_time": "2008-08-18T17:59:47Z",
    "ingredient": 2,
    "amount": 15947,
    "restaurant": 6
  }
},
{
  "model": "restaurants.stock",
  "pk": 27,
  "fields": {
    "created_time": "1984-12-05T02:31:55Z",
    "ingredient": 3,
    "amount": 8170,
    "restaurant": 5
  }
},
{
  "model": "restaurants.stock",
  "pk": 28,
  "fields": {
    "created_time": "2014-09-05T17:32:06Z",
    "ingredient": 1,
    "amount": 19719,
    "restaurant": 4
  }
},
{
  "model": "restaurants.stock",
  "pk": 29,
  "fields": {
    "created_time": "1978-12-07T05:01:16Z",
    "ingredient": 8,
    "amount": 30754,
    "restaurant": 3
  }
},
{
  "model": "restaurants.stock",
  "pk": 30,
  "fields": {
    "created_time": "1991-11-28T12:41:47Z",
    "ingredient": 2,
    "amount": 15563,
    "restaurant": 2
  }
},
{
  "model": "restaurants.stock",
  "pk": 31,
  "fields": {
    "created_time": "2019-12-09T19:08:43Z",
    "ingredient": 5,
    "amount": 26955,
    "restaurant": 1
  }
}
]
